{
  "SmartTransformer": {
    "loss": 5.244420051574707,
    "time_per_batch_ms": 11.442365646362305
  },
  "PyTorch Transformer": {
    "loss": 7.08914960861206,
    "time_per_batch_ms": 4.209074974060059
  }
}