{
  "SmartTransformer": {
    "loss": 5.2400980472564695,
    "time_per_batch_ms": 4.793381690979004
  },
  "PyTorch Transformer": {
    "loss": 7.062067995071411,
    "time_per_batch_ms": 3.557462692260742
  }
}